{"cameraMode":{"drawMode":0,"name":"Shaded","section":"Shading Mode"},"sceneLighting":true,"audioPlay":false,"sceneViewState":{"showFog":true,"showMaterialUpdate":false,"showSkybox":true,"showFlares":true,"showImageEffects":true,"showParticleSystems":true},"in2DMode":false,"pivot":{"x":-0.4782595634460449,"y":1.5056042671203614,"z":1.3205541372299195},"rotation":{"x":-0.13703787326812745,"y":0.30009427666664126,"z":-0.04360984265804291,"w":-0.9430082440376282},"size":0.7869977355003357,"orthographic":false}