{"cameraMode":{"drawMode":0,"name":"Shaded","section":"Shading Mode"},"sceneLighting":true,"audioPlay":false,"sceneViewState":{"showFog":true,"showMaterialUpdate":false,"showSkybox":true,"showFlares":true,"showImageEffects":true,"showParticleSystems":true},"in2DMode":false,"pivot":{"x":-0.7163625359535217,"y":1.9877023696899415,"z":0.019881904125213624},"rotation":{"x":-0.004378584213554859,"y":0.413770854473114,"z":-0.001989929238334298,"w":-0.9103690385818481},"size":1.008430004119873,"orthographic":false}